{"cameraMode":{"drawMode":0,"name":"Shaded","section":"Shading Mode"},"sceneLighting":true,"audioPlay":false,"sceneViewState":{"showFog":true,"showMaterialUpdate":false,"showSkybox":true,"showFlares":true,"showImageEffects":true,"showParticleSystems":true},"in2DMode":false,"pivot":{"x":1.2808582782745362,"y":1.5712382793426514,"z":0.7454146146774292},"rotation":{"x":0.04794621467590332,"y":0.038344696164131168,"z":-0.0018419555854052306,"w":0.9981119632720947},"size":46.494300842285159,"orthographic":false}