{"cameraMode":{"drawMode":0,"name":"Shaded","section":"Shading Mode"},"sceneLighting":true,"audioPlay":false,"sceneViewState":{"showFog":true,"showMaterialUpdate":false,"showSkybox":true,"showFlares":true,"showImageEffects":true,"showParticleSystems":true},"in2DMode":false,"pivot":{"x":-5.64658784866333,"y":10.092657089233399,"z":-54.53462219238281},"rotation":{"x":0.019188856706023217,"y":0.00659585278481245,"z":0.00012660320498980582,"w":-0.9997941255569458},"size":10.0,"orthographic":false}