{"cameraMode":{"drawMode":0,"name":"Shaded","section":"Shading Mode"},"sceneLighting":false,"audioPlay":false,"sceneViewState":{"showFog":true,"showMaterialUpdate":false,"showSkybox":false,"showFlares":true,"showImageEffects":true,"showParticleSystems":true},"in2DMode":false,"pivot":{"x":148.30345153808595,"y":27.263011932373048,"z":-3.4830703735351564},"rotation":{"x":0.06371209770441055,"y":-0.7115272283554077,"z":-0.06506515294313431,"w":-0.6967325806617737},"size":143.8976287841797,"orthographic":false}