{"cameraMode":{"drawMode":0,"name":"Shaded","section":"Shading Mode"},"sceneLighting":true,"audioPlay":false,"sceneViewState":{"showFog":true,"showMaterialUpdate":false,"showSkybox":true,"showFlares":true,"showImageEffects":true,"showParticleSystems":true},"in2DMode":false,"pivot":{"x":1.3702514171600342,"y":-0.6580026149749756,"z":4.235867500305176},"rotation":{"x":-0.06150801479816437,"y":-0.09209567308425904,"z":0.005699766334146261,"w":-0.9938323497772217},"size":49.54761505126953,"orthographic":false}