{"cameraMode":{"drawMode":0,"name":"Shaded","section":"Shading Mode"},"sceneLighting":false,"audioPlay":false,"sceneViewState":{"showFog":true,"showMaterialUpdate":false,"showSkybox":false,"showFlares":true,"showImageEffects":true,"showParticleSystems":true},"in2DMode":false,"pivot":{"x":11.489999771118164,"y":0.7771615982055664,"z":0.0},"rotation":{"x":-0.2925821542739868,"y":0.047879524528980258,"z":-0.014669831842184067,"w":-0.9549283385276794},"size":4.442075252532959,"orthographic":false}