{"cameraMode":{"drawMode":0,"name":"Shaded","section":"Shading Mode"},"sceneLighting":false,"audioPlay":false,"sceneViewState":{"showFog":true,"showMaterialUpdate":false,"showSkybox":false,"showFlares":true,"showImageEffects":true,"showParticleSystems":true},"in2DMode":false,"pivot":{"x":0.7324727773666382,"y":1.4660522937774659,"z":13.423770904541016},"rotation":{"x":-0.32146745920181277,"y":0.490438312292099,"z":-0.20091576874256135,"w":-0.7847049236297607},"size":8.822484970092774,"orthographic":false}