{"cameraMode":{"drawMode":0,"name":"Shaded","section":"Shading Mode"},"sceneLighting":false,"audioPlay":false,"sceneViewState":{"showFog":true,"showMaterialUpdate":false,"showSkybox":false,"showFlares":true,"showImageEffects":true,"showParticleSystems":true},"in2DMode":false,"pivot":{"x":-0.547553300857544,"y":3.558147668838501,"z":3.4496169090270998},"rotation":{"x":-0.028590276837348939,"y":0.9329094290733337,"z":-0.07602394372224808,"w":-0.3508318364620209},"size":4.283077239990234,"orthographic":false}